customer_id,customer_name,email,country
1,Customer_1,user1@example.com,India
2,Customer_2,user2@example.com,Germany
3,Customer_3,user3@example.com,Canada
4,Customer_4,user4@example.com,Germany
5,Customer_5,user5@example.com,Germany
6,Customer_6,user6@example.com,UK
7,Customer_7,user7@example.com,Canada
8,Customer_8,user8@example.com,Canada
9,Customer_9,user9@example.com,Canada
10,Customer_10,user10@example.com,Germany
11,Customer_11,user11@example.com,India
12,Customer_12,user12@example.com,Canada
13,Customer_13,user13@example.com,Germany
14,Customer_14,user14@example.com,UK
15,Customer_15,user15@example.com,India
16,Customer_16,user16@example.com,UK
17,Customer_17,user17@example.com,India
18,Customer_18,user18@example.com,Germany
19,Customer_19,user19@example.com,USA
20,Customer_20,user20@example.com,India
21,Customer_21,user21@example.com,UK
22,Customer_22,user22@example.com,Germany
23,Customer_23,user23@example.com,India
24,Customer_24,user24@example.com,USA
25,Customer_25,user25@example.com,USA
26,Customer_26,user26@example.com,Canada
27,Customer_27,user27@example.com,Canada
28,Customer_28,user28@example.com,UK
29,Customer_29,user29@example.com,India
30,Customer_30,user30@example.com,India
31,Customer_31,user31@example.com,Canada
32,Customer_32,user32@example.com,India
33,Customer_33,user33@example.com,India
34,Customer_34,user34@example.com,USA
35,Customer_35,user35@example.com,Canada
36,Customer_36,user36@example.com,Germany
37,Customer_37,user37@example.com,Canada
38,Customer_38,user38@example.com,Germany
39,Customer_39,user39@example.com,USA
40,Customer_40,user40@example.com,UK
41,Customer_41,user41@example.com,India
42,Customer_42,user42@example.com,USA
43,Customer_43,user43@example.com,India
44,Customer_44,user44@example.com,UK
45,Customer_45,user45@example.com,UK
46,Customer_46,user46@example.com,USA
47,Customer_47,user47@example.com,UK
48,Customer_48,user48@example.com,Germany
49,Customer_49,user49@example.com,UK
50,Customer_50,user50@example.com,India
51,Customer_51,user51@example.com,India
52,Customer_52,user52@example.com,India
53,Customer_53,user53@example.com,India
54,Customer_54,user54@example.com,Germany
55,Customer_55,user55@example.com,Canada
56,Customer_56,user56@example.com,USA
57,Customer_57,user57@example.com,India
58,Customer_58,user58@example.com,UK
59,Customer_59,user59@example.com,India
60,Customer_60,user60@example.com,UK
61,Customer_61,user61@example.com,UK
62,Customer_62,user62@example.com,India
63,Customer_63,user63@example.com,Germany
64,Customer_64,user64@example.com,UK
65,Customer_65,user65@example.com,UK
66,Customer_66,user66@example.com,India
67,Customer_67,user67@example.com,UK
68,Customer_68,user68@example.com,UK
69,Customer_69,user69@example.com,India
70,Customer_70,user70@example.com,India
71,Customer_71,user71@example.com,USA
72,Customer_72,user72@example.com,Germany
73,Customer_73,user73@example.com,Germany
74,Customer_74,user74@example.com,UK
75,Customer_75,user75@example.com,Germany
76,Customer_76,user76@example.com,UK
77,Customer_77,user77@example.com,USA
78,Customer_78,user78@example.com,India
79,Customer_79,user79@example.com,India
80,Customer_80,user80@example.com,India
81,Customer_81,user81@example.com,Germany
82,Customer_82,user82@example.com,USA
83,Customer_83,user83@example.com,Germany
84,Customer_84,user84@example.com,Germany
85,Customer_85,user85@example.com,USA
86,Customer_86,user86@example.com,USA
87,Customer_87,user87@example.com,USA
88,Customer_88,user88@example.com,USA
89,Customer_89,user89@example.com,India
90,Customer_90,user90@example.com,Canada
91,Customer_91,user91@example.com,Canada
92,Customer_92,user92@example.com,USA
93,Customer_93,user93@example.com,Canada
94,Customer_94,user94@example.com,Canada
95,Customer_95,user95@example.com,USA
96,Customer_96,user96@example.com,Canada
97,Customer_97,user97@example.com,Germany
98,Customer_98,user98@example.com,UK
99,Customer_99,user99@example.com,UK
100,Customer_100,user100@example.com,USA
101,Customer_101,user101@example.com,India
102,Customer_102,user102@example.com,USA
103,Customer_103,user103@example.com,India
104,Customer_104,user104@example.com,UK
105,Customer_105,user105@example.com,USA
106,Customer_106,user106@example.com,Germany
107,Customer_107,user107@example.com,Canada
108,Customer_108,user108@example.com,India
109,Customer_109,user109@example.com,Canada
110,Customer_110,user110@example.com,Canada
111,Customer_111,user111@example.com,USA
112,Customer_112,user112@example.com,Canada
113,Customer_113,user113@example.com,Germany
114,Customer_114,user114@example.com,Canada
115,Customer_115,user115@example.com,USA
116,Customer_116,user116@example.com,Germany
117,Customer_117,user117@example.com,UK
118,Customer_118,user118@example.com,Canada
119,Customer_119,user119@example.com,USA
120,Customer_120,user120@example.com,UK
121,Customer_121,user121@example.com,UK
122,Customer_122,user122@example.com,India
123,Customer_123,user123@example.com,Germany
124,Customer_124,user124@example.com,Canada
125,Customer_125,user125@example.com,USA
126,Customer_126,user126@example.com,India
127,Customer_127,user127@example.com,Germany
128,Customer_128,user128@example.com,India
129,Customer_129,user129@example.com,Germany
130,Customer_130,user130@example.com,Germany
131,Customer_131,user131@example.com,Canada
132,Customer_132,user132@example.com,Germany
133,Customer_133,user133@example.com,India
134,Customer_134,user134@example.com,Germany
135,Customer_135,user135@example.com,Canada
136,Customer_136,user136@example.com,Canada
137,Customer_137,user137@example.com,India
138,Customer_138,user138@example.com,UK
139,Customer_139,user139@example.com,UK
140,Customer_140,user140@example.com,Germany
141,Customer_141,user141@example.com,USA
142,Customer_142,user142@example.com,Germany
143,Customer_143,user143@example.com,India
144,Customer_144,user144@example.com,India
145,Customer_145,user145@example.com,India
146,Customer_146,user146@example.com,India
147,Customer_147,user147@example.com,India
148,Customer_148,user148@example.com,Canada
149,Customer_149,user149@example.com,UK
150,Customer_150,user150@example.com,India
151,Customer_151,user151@example.com,USA
152,Customer_152,user152@example.com,USA
153,Customer_153,user153@example.com,USA
154,Customer_154,user154@example.com,USA
155,Customer_155,user155@example.com,Canada
156,Customer_156,user156@example.com,USA
157,Customer_157,user157@example.com,India
158,Customer_158,user158@example.com,Germany
159,Customer_159,user159@example.com,USA
160,Customer_160,user160@example.com,Canada
161,Customer_161,user161@example.com,Canada
162,Customer_162,user162@example.com,USA
163,Customer_163,user163@example.com,Germany
164,Customer_164,user164@example.com,USA
165,Customer_165,user165@example.com,Canada
166,Customer_166,user166@example.com,UK
167,Customer_167,user167@example.com,India
168,Customer_168,user168@example.com,Canada
169,Customer_169,user169@example.com,USA
170,Customer_170,user170@example.com,India
171,Customer_171,user171@example.com,USA
172,Customer_172,user172@example.com,USA
173,Customer_173,user173@example.com,UK
174,Customer_174,user174@example.com,India
175,Customer_175,user175@example.com,India
176,Customer_176,user176@example.com,UK
177,Customer_177,user177@example.com,Canada
178,Customer_178,user178@example.com,USA
179,Customer_179,user179@example.com,Germany
180,Customer_180,user180@example.com,USA
181,Customer_181,user181@example.com,USA
182,Customer_182,user182@example.com,Canada
183,Customer_183,user183@example.com,USA
184,Customer_184,user184@example.com,UK
185,Customer_185,user185@example.com,UK
186,Customer_186,user186@example.com,India
187,Customer_187,user187@example.com,Germany
188,Customer_188,user188@example.com,USA
189,Customer_189,user189@example.com,USA
190,Customer_190,user190@example.com,Canada
191,Customer_191,user191@example.com,UK
192,Customer_192,user192@example.com,Germany
193,Customer_193,user193@example.com,India
194,Customer_194,user194@example.com,UK
195,Customer_195,user195@example.com,India
196,Customer_196,user196@example.com,Canada
197,Customer_197,user197@example.com,Canada
198,Customer_198,user198@example.com,USA
199,Customer_199,user199@example.com,Germany
200,Customer_200,user200@example.com,India
201,Customer_201,user201@example.com,UK
202,Customer_202,user202@example.com,Canada
203,Customer_203,user203@example.com,USA
204,Customer_204,user204@example.com,USA
205,Customer_205,user205@example.com,India
206,Customer_206,user206@example.com,Canada
207,Customer_207,user207@example.com,Germany
208,Customer_208,user208@example.com,Canada
209,Customer_209,user209@example.com,India
210,Customer_210,user210@example.com,India
211,Customer_211,user211@example.com,Canada
212,Customer_212,user212@example.com,India
213,Customer_213,user213@example.com,Canada
214,Customer_214,user214@example.com,UK
215,Customer_215,user215@example.com,Canada
216,Customer_216,user216@example.com,Canada
217,Customer_217,user217@example.com,India
218,Customer_218,user218@example.com,India
219,Customer_219,user219@example.com,USA
220,Customer_220,user220@example.com,USA
221,Customer_221,user221@example.com,UK
222,Customer_222,user222@example.com,USA
223,Customer_223,user223@example.com,Canada
224,Customer_224,user224@example.com,India
225,Customer_225,user225@example.com,USA
226,Customer_226,user226@example.com,USA
227,Customer_227,user227@example.com,UK
228,Customer_228,user228@example.com,UK
229,Customer_229,user229@example.com,Canada
230,Customer_230,user230@example.com,India
231,Customer_231,user231@example.com,UK
232,Customer_232,user232@example.com,USA
233,Customer_233,user233@example.com,India
234,Customer_234,user234@example.com,India
235,Customer_235,user235@example.com,USA
236,Customer_236,user236@example.com,UK
237,Customer_237,user237@example.com,USA
238,Customer_238,user238@example.com,India
239,Customer_239,user239@example.com,Germany
240,Customer_240,user240@example.com,Germany
241,Customer_241,user241@example.com,Canada
242,Customer_242,user242@example.com,USA
243,Customer_243,user243@example.com,USA
244,Customer_244,user244@example.com,Canada
245,Customer_245,user245@example.com,Canada
246,Customer_246,user246@example.com,Canada
247,Customer_247,user247@example.com,India
248,Customer_248,user248@example.com,USA
249,Customer_249,user249@example.com,India
250,Customer_250,user250@example.com,Canada
251,Customer_251,user251@example.com,USA
252,Customer_252,user252@example.com,India
253,Customer_253,user253@example.com,India
254,Customer_254,user254@example.com,Canada
255,Customer_255,user255@example.com,USA
256,Customer_256,user256@example.com,Canada
257,Customer_257,user257@example.com,USA
258,Customer_258,user258@example.com,Germany
259,Customer_259,user259@example.com,UK
260,Customer_260,user260@example.com,UK
261,Customer_261,user261@example.com,UK
262,Customer_262,user262@example.com,Canada
263,Customer_263,user263@example.com,Germany
264,Customer_264,user264@example.com,USA
265,Customer_265,user265@example.com,India
266,Customer_266,user266@example.com,USA
267,Customer_267,user267@example.com,India
268,Customer_268,user268@example.com,USA
269,Customer_269,user269@example.com,Germany
270,Customer_270,user270@example.com,India
271,Customer_271,user271@example.com,Canada
272,Customer_272,user272@example.com,USA
273,Customer_273,user273@example.com,USA
274,Customer_274,user274@example.com,India
275,Customer_275,user275@example.com,Canada
276,Customer_276,user276@example.com,Canada
277,Customer_277,user277@example.com,Germany
278,Customer_278,user278@example.com,Canada
279,Customer_279,user279@example.com,Canada
280,Customer_280,user280@example.com,Canada
281,Customer_281,user281@example.com,UK
282,Customer_282,user282@example.com,Germany
283,Customer_283,user283@example.com,USA
284,Customer_284,user284@example.com,India
285,Customer_285,user285@example.com,USA
286,Customer_286,user286@example.com,Germany
287,Customer_287,user287@example.com,India
288,Customer_288,user288@example.com,Germany
289,Customer_289,user289@example.com,Canada
290,Customer_290,user290@example.com,India
291,Customer_291,user291@example.com,Canada
292,Customer_292,user292@example.com,USA
293,Customer_293,user293@example.com,USA
294,Customer_294,user294@example.com,India
295,Customer_295,user295@example.com,India
296,Customer_296,user296@example.com,Germany
297,Customer_297,user297@example.com,Germany
298,Customer_298,user298@example.com,Canada
299,Customer_299,user299@example.com,India
300,Customer_300,user300@example.com,USA
301,Customer_301,user301@example.com,Germany
302,Customer_302,user302@example.com,Germany
303,Customer_303,user303@example.com,USA
304,Customer_304,user304@example.com,Germany
305,Customer_305,user305@example.com,Canada
306,Customer_306,user306@example.com,India
307,Customer_307,user307@example.com,USA
308,Customer_308,user308@example.com,India
309,Customer_309,user309@example.com,Germany
310,Customer_310,user310@example.com,Germany
311,Customer_311,user311@example.com,USA
312,Customer_312,user312@example.com,Canada
313,Customer_313,user313@example.com,UK
314,Customer_314,user314@example.com,USA
315,Customer_315,user315@example.com,UK
316,Customer_316,user316@example.com,UK
317,Customer_317,user317@example.com,Canada
318,Customer_318,user318@example.com,UK
319,Customer_319,user319@example.com,UK
320,Customer_320,user320@example.com,Canada
321,Customer_321,user321@example.com,UK
322,Customer_322,user322@example.com,UK
323,Customer_323,user323@example.com,UK
324,Customer_324,user324@example.com,USA
325,Customer_325,user325@example.com,USA
326,Customer_326,user326@example.com,USA
327,Customer_327,user327@example.com,Canada
328,Customer_328,user328@example.com,Germany
329,Customer_329,user329@example.com,UK
330,Customer_330,user330@example.com,UK
331,Customer_331,user331@example.com,Canada
332,Customer_332,user332@example.com,UK
333,Customer_333,user333@example.com,USA
334,Customer_334,user334@example.com,Germany
335,Customer_335,user335@example.com,India
336,Customer_336,user336@example.com,UK
337,Customer_337,user337@example.com,USA
338,Customer_338,user338@example.com,India
339,Customer_339,user339@example.com,Germany
340,Customer_340,user340@example.com,India
341,Customer_341,user341@example.com,USA
342,Customer_342,user342@example.com,India
343,Customer_343,user343@example.com,Canada
344,Customer_344,user344@example.com,India
345,Customer_345,user345@example.com,UK
346,Customer_346,user346@example.com,UK
347,Customer_347,user347@example.com,Canada
348,Customer_348,user348@example.com,USA
349,Customer_349,user349@example.com,UK
350,Customer_350,user350@example.com,Germany
351,Customer_351,user351@example.com,UK
352,Customer_352,user352@example.com,UK
353,Customer_353,user353@example.com,USA
354,Customer_354,user354@example.com,India
355,Customer_355,user355@example.com,UK
356,Customer_356,user356@example.com,Canada
357,Customer_357,user357@example.com,India
358,Customer_358,user358@example.com,Germany
359,Customer_359,user359@example.com,USA
360,Customer_360,user360@example.com,Germany
361,Customer_361,user361@example.com,India
362,Customer_362,user362@example.com,India
363,Customer_363,user363@example.com,India
364,Customer_364,user364@example.com,Germany
365,Customer_365,user365@example.com,India
366,Customer_366,user366@example.com,Germany
367,Customer_367,user367@example.com,India
368,Customer_368,user368@example.com,Canada
369,Customer_369,user369@example.com,India
370,Customer_370,user370@example.com,Germany
371,Customer_371,user371@example.com,UK
372,Customer_372,user372@example.com,India
373,Customer_373,user373@example.com,UK
374,Customer_374,user374@example.com,Canada
375,Customer_375,user375@example.com,USA
376,Customer_376,user376@example.com,Canada
377,Customer_377,user377@example.com,India
378,Customer_378,user378@example.com,UK
379,Customer_379,user379@example.com,UK
380,Customer_380,user380@example.com,Germany
381,Customer_381,user381@example.com,UK
382,Customer_382,user382@example.com,Germany
383,Customer_383,user383@example.com,USA
384,Customer_384,user384@example.com,India
385,Customer_385,user385@example.com,Germany
386,Customer_386,user386@example.com,USA
387,Customer_387,user387@example.com,UK
388,Customer_388,user388@example.com,UK
389,Customer_389,user389@example.com,USA
390,Customer_390,user390@example.com,UK
391,Customer_391,user391@example.com,USA
392,Customer_392,user392@example.com,Germany
393,Customer_393,user393@example.com,Germany
394,Customer_394,user394@example.com,USA
395,Customer_395,user395@example.com,Germany
396,Customer_396,user396@example.com,Germany
397,Customer_397,user397@example.com,Germany
398,Customer_398,user398@example.com,Canada
399,Customer_399,user399@example.com,India
400,Customer_400,user400@example.com,UK
401,Customer_401,user401@example.com,Canada
402,Customer_402,user402@example.com,Germany
403,Customer_403,user403@example.com,USA
404,Customer_404,user404@example.com,Germany
405,Customer_405,user405@example.com,India
406,Customer_406,user406@example.com,Germany
407,Customer_407,user407@example.com,USA
408,Customer_408,user408@example.com,India
409,Customer_409,user409@example.com,Germany
410,Customer_410,user410@example.com,India
411,Customer_411,user411@example.com,UK
412,Customer_412,user412@example.com,UK
413,Customer_413,user413@example.com,Germany
414,Customer_414,user414@example.com,India
415,Customer_415,user415@example.com,USA
416,Customer_416,user416@example.com,Germany
417,Customer_417,user417@example.com,UK
418,Customer_418,user418@example.com,UK
419,Customer_419,user419@example.com,Germany
420,Customer_420,user420@example.com,India
421,Customer_421,user421@example.com,UK
422,Customer_422,user422@example.com,India
423,Customer_423,user423@example.com,UK
424,Customer_424,user424@example.com,UK
425,Customer_425,user425@example.com,Canada
426,Customer_426,user426@example.com,UK
427,Customer_427,user427@example.com,USA
428,Customer_428,user428@example.com,Germany
429,Customer_429,user429@example.com,Germany
430,Customer_430,user430@example.com,India
431,Customer_431,user431@example.com,UK
432,Customer_432,user432@example.com,USA
433,Customer_433,user433@example.com,India
434,Customer_434,user434@example.com,Canada
435,Customer_435,user435@example.com,India
436,Customer_436,user436@example.com,India
437,Customer_437,user437@example.com,UK
438,Customer_438,user438@example.com,Canada
439,Customer_439,user439@example.com,India
440,Customer_440,user440@example.com,USA
441,Customer_441,user441@example.com,USA
442,Customer_442,user442@example.com,Germany
443,Customer_443,user443@example.com,Canada
444,Customer_444,user444@example.com,Canada
445,Customer_445,user445@example.com,Germany
446,Customer_446,user446@example.com,India
447,Customer_447,user447@example.com,Canada
448,Customer_448,user448@example.com,USA
449,Customer_449,user449@example.com,USA
450,Customer_450,user450@example.com,UK
451,Customer_451,user451@example.com,Canada
452,Customer_452,user452@example.com,India
453,Customer_453,user453@example.com,Germany
454,Customer_454,user454@example.com,Germany
455,Customer_455,user455@example.com,India
456,Customer_456,user456@example.com,UK
457,Customer_457,user457@example.com,Germany
458,Customer_458,user458@example.com,Canada
459,Customer_459,user459@example.com,UK
460,Customer_460,user460@example.com,Canada
461,Customer_461,user461@example.com,USA
462,Customer_462,user462@example.com,UK
463,Customer_463,user463@example.com,Germany
464,Customer_464,user464@example.com,UK
465,Customer_465,user465@example.com,UK
466,Customer_466,user466@example.com,UK
467,Customer_467,user467@example.com,UK
468,Customer_468,user468@example.com,Canada
469,Customer_469,user469@example.com,USA
470,Customer_470,user470@example.com,India
471,Customer_471,user471@example.com,UK
472,Customer_472,user472@example.com,Germany
473,Customer_473,user473@example.com,UK
474,Customer_474,user474@example.com,Germany
475,Customer_475,user475@example.com,Canada
476,Customer_476,user476@example.com,Germany
477,Customer_477,user477@example.com,India
478,Customer_478,user478@example.com,USA
479,Customer_479,user479@example.com,Germany
480,Customer_480,user480@example.com,Germany
481,Customer_481,user481@example.com,USA
482,Customer_482,user482@example.com,India
483,Customer_483,user483@example.com,UK
484,Customer_484,user484@example.com,Germany
485,Customer_485,user485@example.com,USA
486,Customer_486,user486@example.com,Canada
487,Customer_487,user487@example.com,USA
488,Customer_488,user488@example.com,Canada
489,Customer_489,user489@example.com,India
490,Customer_490,user490@example.com,UK
491,Customer_491,user491@example.com,USA
492,Customer_492,user492@example.com,Germany
493,Customer_493,user493@example.com,India
494,Customer_494,user494@example.com,USA
495,Customer_495,user495@example.com,Germany
496,Customer_496,user496@example.com,USA
497,Customer_497,user497@example.com,Canada
498,Customer_498,user498@example.com,USA
499,Customer_499,user499@example.com,USA
500,Customer_500,user500@example.com,USA
501,Customer_501,user501@example.com,India
502,Customer_502,user502@example.com,USA
503,Customer_503,user503@example.com,Germany
504,Customer_504,user504@example.com,Canada
505,Customer_505,user505@example.com,Canada
506,Customer_506,user506@example.com,USA
507,Customer_507,user507@example.com,India
508,Customer_508,user508@example.com,India
509,Customer_509,user509@example.com,Germany
510,Customer_510,user510@example.com,USA
511,Customer_511,user511@example.com,Canada
512,Customer_512,user512@example.com,India
513,Customer_513,user513@example.com,USA
514,Customer_514,user514@example.com,India
515,Customer_515,user515@example.com,India
516,Customer_516,user516@example.com,Canada
517,Customer_517,user517@example.com,UK
518,Customer_518,user518@example.com,Germany
519,Customer_519,user519@example.com,Germany
520,Customer_520,user520@example.com,Canada
521,Customer_521,user521@example.com,India
522,Customer_522,user522@example.com,USA
523,Customer_523,user523@example.com,India
524,Customer_524,user524@example.com,Canada
525,Customer_525,user525@example.com,Germany
526,Customer_526,user526@example.com,India
527,Customer_527,user527@example.com,Germany
528,Customer_528,user528@example.com,USA
529,Customer_529,user529@example.com,Germany
530,Customer_530,user530@example.com,Germany
531,Customer_531,user531@example.com,UK
532,Customer_532,user532@example.com,UK
533,Customer_533,user533@example.com,UK
534,Customer_534,user534@example.com,Germany
535,Customer_535,user535@example.com,Canada
536,Customer_536,user536@example.com,Germany
537,Customer_537,user537@example.com,Canada
538,Customer_538,user538@example.com,Canada
539,Customer_539,user539@example.com,UK
540,Customer_540,user540@example.com,India
541,Customer_541,user541@example.com,USA
542,Customer_542,user542@example.com,UK
543,Customer_543,user543@example.com,UK
544,Customer_544,user544@example.com,India
545,Customer_545,user545@example.com,USA
546,Customer_546,user546@example.com,Germany
547,Customer_547,user547@example.com,Germany
548,Customer_548,user548@example.com,UK
549,Customer_549,user549@example.com,USA
550,Customer_550,user550@example.com,UK
551,Customer_551,user551@example.com,Canada
552,Customer_552,user552@example.com,UK
553,Customer_553,user553@example.com,UK
554,Customer_554,user554@example.com,Germany
555,Customer_555,user555@example.com,Germany
556,Customer_556,user556@example.com,Germany
557,Customer_557,user557@example.com,Canada
558,Customer_558,user558@example.com,Germany
559,Customer_559,user559@example.com,USA
560,Customer_560,user560@example.com,India
561,Customer_561,user561@example.com,USA
562,Customer_562,user562@example.com,USA
563,Customer_563,user563@example.com,Germany
564,Customer_564,user564@example.com,India
565,Customer_565,user565@example.com,India
566,Customer_566,user566@example.com,India
567,Customer_567,user567@example.com,Canada
568,Customer_568,user568@example.com,Germany
569,Customer_569,user569@example.com,India
570,Customer_570,user570@example.com,Canada
571,Customer_571,user571@example.com,UK
572,Customer_572,user572@example.com,UK
573,Customer_573,user573@example.com,Canada
574,Customer_574,user574@example.com,Canada
575,Customer_575,user575@example.com,Germany
576,Customer_576,user576@example.com,Germany
577,Customer_577,user577@example.com,UK
578,Customer_578,user578@example.com,India
579,Customer_579,user579@example.com,UK
580,Customer_580,user580@example.com,India
581,Customer_581,user581@example.com,India
582,Customer_582,user582@example.com,Germany
583,Customer_583,user583@example.com,USA
584,Customer_584,user584@example.com,USA
585,Customer_585,user585@example.com,Canada
586,Customer_586,user586@example.com,Germany
587,Customer_587,user587@example.com,India
588,Customer_588,user588@example.com,USA
589,Customer_589,user589@example.com,India
590,Customer_590,user590@example.com,USA
591,Customer_591,user591@example.com,USA
592,Customer_592,user592@example.com,USA
593,Customer_593,user593@example.com,Germany
594,Customer_594,user594@example.com,UK
595,Customer_595,user595@example.com,India
596,Customer_596,user596@example.com,Germany
597,Customer_597,user597@example.com,Germany
598,Customer_598,user598@example.com,Germany
599,Customer_599,user599@example.com,Germany
600,Customer_600,user600@example.com,Germany
601,Customer_601,user601@example.com,Canada
602,Customer_602,user602@example.com,India
603,Customer_603,user603@example.com,Germany
604,Customer_604,user604@example.com,India
605,Customer_605,user605@example.com,Canada
606,Customer_606,user606@example.com,Canada
607,Customer_607,user607@example.com,India
608,Customer_608,user608@example.com,USA
609,Customer_609,user609@example.com,UK
610,Customer_610,user610@example.com,USA
611,Customer_611,user611@example.com,USA
612,Customer_612,user612@example.com,USA
613,Customer_613,user613@example.com,Germany
614,Customer_614,user614@example.com,Canada
615,Customer_615,user615@example.com,USA
616,Customer_616,user616@example.com,Canada
617,Customer_617,user617@example.com,India
618,Customer_618,user618@example.com,UK
619,Customer_619,user619@example.com,India
620,Customer_620,user620@example.com,India
621,Customer_621,user621@example.com,Germany
622,Customer_622,user622@example.com,UK
623,Customer_623,user623@example.com,India
624,Customer_624,user624@example.com,India
625,Customer_625,user625@example.com,UK
626,Customer_626,user626@example.com,UK
627,Customer_627,user627@example.com,India
628,Customer_628,user628@example.com,UK
629,Customer_629,user629@example.com,India
630,Customer_630,user630@example.com,India
631,Customer_631,user631@example.com,Germany
632,Customer_632,user632@example.com,USA
633,Customer_633,user633@example.com,India
634,Customer_634,user634@example.com,Canada
635,Customer_635,user635@example.com,USA
636,Customer_636,user636@example.com,USA
637,Customer_637,user637@example.com,USA
638,Customer_638,user638@example.com,Germany
639,Customer_639,user639@example.com,India
640,Customer_640,user640@example.com,Germany
641,Customer_641,user641@example.com,India
642,Customer_642,user642@example.com,Germany
643,Customer_643,user643@example.com,Germany
644,Customer_644,user644@example.com,Canada
645,Customer_645,user645@example.com,Germany
646,Customer_646,user646@example.com,UK
647,Customer_647,user647@example.com,Canada
648,Customer_648,user648@example.com,Germany
649,Customer_649,user649@example.com,USA
650,Customer_650,user650@example.com,UK
651,Customer_651,user651@example.com,UK
652,Customer_652,user652@example.com,UK
653,Customer_653,user653@example.com,Canada
654,Customer_654,user654@example.com,Germany
655,Customer_655,user655@example.com,Germany
656,Customer_656,user656@example.com,USA
657,Customer_657,user657@example.com,USA
658,Customer_658,user658@example.com,UK
659,Customer_659,user659@example.com,USA
660,Customer_660,user660@example.com,Canada
661,Customer_661,user661@example.com,Germany
662,Customer_662,user662@example.com,UK
663,Customer_663,user663@example.com,USA
664,Customer_664,user664@example.com,Canada
665,Customer_665,user665@example.com,Canada
666,Customer_666,user666@example.com,USA
667,Customer_667,user667@example.com,Germany
668,Customer_668,user668@example.com,USA
669,Customer_669,user669@example.com,UK
670,Customer_670,user670@example.com,USA
671,Customer_671,user671@example.com,Canada
672,Customer_672,user672@example.com,USA
673,Customer_673,user673@example.com,Germany
674,Customer_674,user674@example.com,India
675,Customer_675,user675@example.com,USA
676,Customer_676,user676@example.com,Germany
677,Customer_677,user677@example.com,Germany
678,Customer_678,user678@example.com,Canada
679,Customer_679,user679@example.com,Germany
680,Customer_680,user680@example.com,Germany
681,Customer_681,user681@example.com,Germany
682,Customer_682,user682@example.com,Germany
683,Customer_683,user683@example.com,UK
684,Customer_684,user684@example.com,UK
685,Customer_685,user685@example.com,Canada
686,Customer_686,user686@example.com,USA
687,Customer_687,user687@example.com,Germany
688,Customer_688,user688@example.com,USA
689,Customer_689,user689@example.com,USA
690,Customer_690,user690@example.com,Canada
691,Customer_691,user691@example.com,Germany
692,Customer_692,user692@example.com,Germany
693,Customer_693,user693@example.com,India
694,Customer_694,user694@example.com,USA
695,Customer_695,user695@example.com,USA
696,Customer_696,user696@example.com,UK
697,Customer_697,user697@example.com,India
698,Customer_698,user698@example.com,UK
699,Customer_699,user699@example.com,UK
700,Customer_700,user700@example.com,UK
701,Customer_701,user701@example.com,Canada
702,Customer_702,user702@example.com,Canada
703,Customer_703,user703@example.com,UK
704,Customer_704,user704@example.com,India
705,Customer_705,user705@example.com,USA
706,Customer_706,user706@example.com,India
707,Customer_707,user707@example.com,Germany
708,Customer_708,user708@example.com,Canada
709,Customer_709,user709@example.com,USA
710,Customer_710,user710@example.com,USA
711,Customer_711,user711@example.com,Germany
712,Customer_712,user712@example.com,Germany
713,Customer_713,user713@example.com,UK
714,Customer_714,user714@example.com,Canada
715,Customer_715,user715@example.com,Canada
716,Customer_716,user716@example.com,India
717,Customer_717,user717@example.com,UK
718,Customer_718,user718@example.com,UK
719,Customer_719,user719@example.com,UK
720,Customer_720,user720@example.com,UK
721,Customer_721,user721@example.com,Canada
722,Customer_722,user722@example.com,Canada
723,Customer_723,user723@example.com,UK
724,Customer_724,user724@example.com,India
725,Customer_725,user725@example.com,USA
726,Customer_726,user726@example.com,USA
727,Customer_727,user727@example.com,India
728,Customer_728,user728@example.com,UK
729,Customer_729,user729@example.com,Canada
730,Customer_730,user730@example.com,USA
731,Customer_731,user731@example.com,Germany
732,Customer_732,user732@example.com,Germany
733,Customer_733,user733@example.com,India
734,Customer_734,user734@example.com,UK
735,Customer_735,user735@example.com,USA
736,Customer_736,user736@example.com,UK
737,Customer_737,user737@example.com,USA
738,Customer_738,user738@example.com,India
739,Customer_739,user739@example.com,India
740,Customer_740,user740@example.com,Germany
741,Customer_741,user741@example.com,UK
742,Customer_742,user742@example.com,Germany
743,Customer_743,user743@example.com,UK
744,Customer_744,user744@example.com,Germany
745,Customer_745,user745@example.com,Canada
746,Customer_746,user746@example.com,Canada
747,Customer_747,user747@example.com,Canada
748,Customer_748,user748@example.com,Canada
749,Customer_749,user749@example.com,USA
750,Customer_750,user750@example.com,Canada
751,Customer_751,user751@example.com,India
752,Customer_752,user752@example.com,India
753,Customer_753,user753@example.com,USA
754,Customer_754,user754@example.com,Canada
755,Customer_755,user755@example.com,Canada
756,Customer_756,user756@example.com,Canada
757,Customer_757,user757@example.com,Germany
758,Customer_758,user758@example.com,UK
759,Customer_759,user759@example.com,Germany
760,Customer_760,user760@example.com,UK
761,Customer_761,user761@example.com,Canada
762,Customer_762,user762@example.com,Canada
763,Customer_763,user763@example.com,Germany
764,Customer_764,user764@example.com,Germany
765,Customer_765,user765@example.com,UK
766,Customer_766,user766@example.com,India
767,Customer_767,user767@example.com,UK
768,Customer_768,user768@example.com,Germany
769,Customer_769,user769@example.com,Germany
770,Customer_770,user770@example.com,USA
771,Customer_771,user771@example.com,Germany
772,Customer_772,user772@example.com,USA
773,Customer_773,user773@example.com,India
774,Customer_774,user774@example.com,UK
775,Customer_775,user775@example.com,UK
776,Customer_776,user776@example.com,USA
777,Customer_777,user777@example.com,UK
778,Customer_778,user778@example.com,Germany
779,Customer_779,user779@example.com,Canada
780,Customer_780,user780@example.com,USA
781,Customer_781,user781@example.com,UK
782,Customer_782,user782@example.com,USA
783,Customer_783,user783@example.com,USA
784,Customer_784,user784@example.com,Canada
785,Customer_785,user785@example.com,Germany
786,Customer_786,user786@example.com,USA
787,Customer_787,user787@example.com,UK
788,Customer_788,user788@example.com,India
789,Customer_789,user789@example.com,USA
790,Customer_790,user790@example.com,USA
791,Customer_791,user791@example.com,Canada
792,Customer_792,user792@example.com,Germany
793,Customer_793,user793@example.com,India
794,Customer_794,user794@example.com,UK
795,Customer_795,user795@example.com,India
796,Customer_796,user796@example.com,UK
797,Customer_797,user797@example.com,Germany
798,Customer_798,user798@example.com,UK
799,Customer_799,user799@example.com,Canada
800,Customer_800,user800@example.com,Canada
801,Customer_801,user801@example.com,Canada
802,Customer_802,user802@example.com,Canada
803,Customer_803,user803@example.com,India
804,Customer_804,user804@example.com,Germany
805,Customer_805,user805@example.com,UK
806,Customer_806,user806@example.com,UK
807,Customer_807,user807@example.com,Canada
808,Customer_808,user808@example.com,Canada
809,Customer_809,user809@example.com,USA
810,Customer_810,user810@example.com,Germany
811,Customer_811,user811@example.com,India
812,Customer_812,user812@example.com,UK
813,Customer_813,user813@example.com,USA
814,Customer_814,user814@example.com,USA
815,Customer_815,user815@example.com,UK
816,Customer_816,user816@example.com,India
817,Customer_817,user817@example.com,USA
818,Customer_818,user818@example.com,USA
819,Customer_819,user819@example.com,Germany
820,Customer_820,user820@example.com,India
821,Customer_821,user821@example.com,USA
822,Customer_822,user822@example.com,India
823,Customer_823,user823@example.com,UK
824,Customer_824,user824@example.com,Canada
825,Customer_825,user825@example.com,USA
826,Customer_826,user826@example.com,Germany
827,Customer_827,user827@example.com,UK
828,Customer_828,user828@example.com,India
829,Customer_829,user829@example.com,UK
830,Customer_830,user830@example.com,USA
831,Customer_831,user831@example.com,India
832,Customer_832,user832@example.com,Canada
833,Customer_833,user833@example.com,UK
834,Customer_834,user834@example.com,USA
835,Customer_835,user835@example.com,Germany
836,Customer_836,user836@example.com,India
837,Customer_837,user837@example.com,UK
838,Customer_838,user838@example.com,UK
839,Customer_839,user839@example.com,Canada
840,Customer_840,user840@example.com,Canada
841,Customer_841,user841@example.com,Germany
842,Customer_842,user842@example.com,Germany
843,Customer_843,user843@example.com,USA
844,Customer_844,user844@example.com,USA
845,Customer_845,user845@example.com,Germany
846,Customer_846,user846@example.com,Germany
847,Customer_847,user847@example.com,India
848,Customer_848,user848@example.com,Canada
849,Customer_849,user849@example.com,USA
850,Customer_850,user850@example.com,Canada
851,Customer_851,user851@example.com,Canada
852,Customer_852,user852@example.com,Germany
853,Customer_853,user853@example.com,India
854,Customer_854,user854@example.com,UK
855,Customer_855,user855@example.com,India
856,Customer_856,user856@example.com,India
857,Customer_857,user857@example.com,Canada
858,Customer_858,user858@example.com,India
859,Customer_859,user859@example.com,USA
860,Customer_860,user860@example.com,Canada
861,Customer_861,user861@example.com,USA
862,Customer_862,user862@example.com,UK
863,Customer_863,user863@example.com,Canada
864,Customer_864,user864@example.com,UK
865,Customer_865,user865@example.com,Canada
866,Customer_866,user866@example.com,Germany
867,Customer_867,user867@example.com,India
868,Customer_868,user868@example.com,Germany
869,Customer_869,user869@example.com,UK
870,Customer_870,user870@example.com,India
871,Customer_871,user871@example.com,Canada
872,Customer_872,user872@example.com,India
873,Customer_873,user873@example.com,USA
874,Customer_874,user874@example.com,India
875,Customer_875,user875@example.com,USA
876,Customer_876,user876@example.com,India
877,Customer_877,user877@example.com,USA
878,Customer_878,user878@example.com,UK
879,Customer_879,user879@example.com,Germany
880,Customer_880,user880@example.com,Canada
881,Customer_881,user881@example.com,India
882,Customer_882,user882@example.com,Germany
883,Customer_883,user883@example.com,Canada
884,Customer_884,user884@example.com,Canada
885,Customer_885,user885@example.com,USA
886,Customer_886,user886@example.com,UK
887,Customer_887,user887@example.com,UK
888,Customer_888,user888@example.com,Germany
889,Customer_889,user889@example.com,UK
890,Customer_890,user890@example.com,India
891,Customer_891,user891@example.com,UK
892,Customer_892,user892@example.com,Germany
893,Customer_893,user893@example.com,UK
894,Customer_894,user894@example.com,India
895,Customer_895,user895@example.com,USA
896,Customer_896,user896@example.com,Germany
897,Customer_897,user897@example.com,USA
898,Customer_898,user898@example.com,USA
899,Customer_899,user899@example.com,USA
900,Customer_900,user900@example.com,Canada
901,Customer_901,user901@example.com,Canada
902,Customer_902,user902@example.com,USA
903,Customer_903,user903@example.com,Germany
904,Customer_904,user904@example.com,India
905,Customer_905,user905@example.com,India
906,Customer_906,user906@example.com,UK
907,Customer_907,user907@example.com,Germany
908,Customer_908,user908@example.com,Canada
909,Customer_909,user909@example.com,USA
910,Customer_910,user910@example.com,UK
911,Customer_911,user911@example.com,India
912,Customer_912,user912@example.com,Canada
913,Customer_913,user913@example.com,Canada
914,Customer_914,user914@example.com,USA
915,Customer_915,user915@example.com,India
916,Customer_916,user916@example.com,Germany
917,Customer_917,user917@example.com,Canada
918,Customer_918,user918@example.com,USA
919,Customer_919,user919@example.com,Germany
920,Customer_920,user920@example.com,India
921,Customer_921,user921@example.com,Canada
922,Customer_922,user922@example.com,Germany
923,Customer_923,user923@example.com,Germany
924,Customer_924,user924@example.com,Germany
925,Customer_925,user925@example.com,Canada
926,Customer_926,user926@example.com,Canada
927,Customer_927,user927@example.com,UK
928,Customer_928,user928@example.com,India
929,Customer_929,user929@example.com,USA
930,Customer_930,user930@example.com,Germany
931,Customer_931,user931@example.com,UK
932,Customer_932,user932@example.com,USA
933,Customer_933,user933@example.com,UK
934,Customer_934,user934@example.com,Canada
935,Customer_935,user935@example.com,Germany
936,Customer_936,user936@example.com,USA
937,Customer_937,user937@example.com,USA
938,Customer_938,user938@example.com,USA
939,Customer_939,user939@example.com,USA
940,Customer_940,user940@example.com,USA
941,Customer_941,user941@example.com,UK
942,Customer_942,user942@example.com,Germany
943,Customer_943,user943@example.com,Canada
944,Customer_944,user944@example.com,Canada
945,Customer_945,user945@example.com,Canada
946,Customer_946,user946@example.com,Canada
947,Customer_947,user947@example.com,UK
948,Customer_948,user948@example.com,India
949,Customer_949,user949@example.com,Germany
950,Customer_950,user950@example.com,USA
951,Customer_951,user951@example.com,India
952,Customer_952,user952@example.com,Canada
953,Customer_953,user953@example.com,India
954,Customer_954,user954@example.com,Germany
955,Customer_955,user955@example.com,USA
956,Customer_956,user956@example.com,USA
957,Customer_957,user957@example.com,Germany
958,Customer_958,user958@example.com,Germany
959,Customer_959,user959@example.com,Canada
960,Customer_960,user960@example.com,USA
961,Customer_961,user961@example.com,India
962,Customer_962,user962@example.com,UK
963,Customer_963,user963@example.com,UK
964,Customer_964,user964@example.com,Germany
965,Customer_965,user965@example.com,Canada
966,Customer_966,user966@example.com,UK
967,Customer_967,user967@example.com,USA
968,Customer_968,user968@example.com,Germany
969,Customer_969,user969@example.com,India
970,Customer_970,user970@example.com,Germany
971,Customer_971,user971@example.com,India
972,Customer_972,user972@example.com,Germany
973,Customer_973,user973@example.com,Germany
974,Customer_974,user974@example.com,Germany
975,Customer_975,user975@example.com,India
976,Customer_976,user976@example.com,India
977,Customer_977,user977@example.com,Germany
978,Customer_978,user978@example.com,UK
979,Customer_979,user979@example.com,Canada
980,Customer_980,user980@example.com,Canada
981,Customer_981,user981@example.com,Canada
982,Customer_982,user982@example.com,India
983,Customer_983,user983@example.com,India
984,Customer_984,user984@example.com,UK
985,Customer_985,user985@example.com,Canada
986,Customer_986,user986@example.com,Canada
987,Customer_987,user987@example.com,Germany
988,Customer_988,user988@example.com,India
989,Customer_989,user989@example.com,Canada
990,Customer_990,user990@example.com,UK
991,Customer_991,user991@example.com,UK
992,Customer_992,user992@example.com,Canada
993,Customer_993,user993@example.com,India
994,Customer_994,user994@example.com,UK
995,Customer_995,user995@example.com,Germany
996,Customer_996,user996@example.com,UK
997,Customer_997,user997@example.com,USA
998,Customer_998,user998@example.com,USA
999,Customer_999,user999@example.com,India
1000,Customer_1000,user1000@example.com,Canada
